target,horizon_weeks,legacy_crps_pp,legacy_cov90,ensemble_crps_pp,ensemble_cov90,ensemble_better,calibrated_crps_pp,calibrated_cov90,calibrated_better
2017,1,1.026410739347118,0.5,0.6516878454449224,1.0,true,0.6643975853059629,0.875,true
2017,4,1.658415003072606,0.625,0.8208574233047043,1.0,true,0.8754059736833125,0.875,true
2017,8,2.349760153783423,0.625,1.9699075970683433,0.75,true,1.8623402181498838,0.625,true
2017,26,1.7975110951626214,0.625,1.4772667394427992,0.625,true,1.4502556038517345,0.75,true
2020,1,1.7415438498207474,0.4,1.2799280521501075,0.8,true,1.363860166524453,0.8,true
2020,4,1.7713874048624778,0.4,1.8737554576744344,1.0,false,1.8738624133893933,1.0,false
2020,8,2.4047699957401596,0.2,2.1049205428523945,0.8,true,2.0426821429296096,1.0,true
2020,26,5.732709598201937,0.4,4.809112120256496,0.6,true,4.412580770355225,0.6,true
2023,1,0.8187319272468746,0.5714285714285714,0.8482112521935611,1.0,false,0.8481476830999883,1.0,false
2023,4,0.8069675101386703,0.8571428571428571,0.7378386346051775,1.0,true,0.884767400301802,1.0,false
2023,8,1.3659298740463077,0.5714285714285714,1.4106133303328474,1.0,false,1.6671189764425078,1.0,false
2023,26,2.1108426123772945,0.7142857142857143,2.187780252705098,0.8571428571428571,false,2.5251550921413757,1.0,false
