target,horizon_weeks,variant,cutoff,n_polls,p_right_bloc_ahead,right_bloc_ahead,brier_bloc,crps_pp,energy_pp,log_score_share,mae_pp,coverage_50,coverage_90,crps_pp[National],error_pp[National],sd_pp[National],pit[National],crps_pp[Labour],error_pp[Labour],sd_pp[Labour],pit[Labour],crps_pp[Green],error_pp[Green],sd_pp[Green],pit[Green],crps_pp[ACT],error_pp[ACT],sd_pp[ACT],pit[ACT],crps_pp[NZ First],error_pp[NZ First],sd_pp[NZ First],pit[NZ First],crps_pp[Te Pāti Māori],error_pp[Te Pāti Māori],sd_pp[Te Pāti Māori],pit[Te Pāti Māori],crps_pp[New Conservative],error_pp[New Conservative],sd_pp[New Conservative],pit[New Conservative],crps_pp[United Future],error_pp[United Future],sd_pp[United Future],pit[United Future],crps_pp[TOP],error_pp[TOP],sd_pp[TOP],pit[TOP]
2017,1,base,2017-09-16,211,0.315,true,0.46922500000000006,0.5522465892326855,2.686653477044619,32.04794398937434,0.8854293172596953,0.75,1.0,1.3388180833399301,-2.2000671148300177,3.0181846618652344,0.773,2.195467331650257,3.623926744461059,3.7400476932525635,0.143,0.31060506691541545,-0.41023756980896053,1.0108637809753418,0.68,0.049894828221190256,0.09363716281950472,0.16851256787776947,0.302,0.33736265708431595,-0.29945851564407294,1.2954981327056885,0.613,0.06391916099290358,-0.02029086679220197,0.3078204393386841,0.563,0.10406360036581759,0.3971339783072472,0.9683446884155273,0.345,0.01784198529165414,0.038682585414499045,0.0683906078338623,0.332,,,,
2017,26,base,2017-03-25,191,0.932,true,0.004623999999999993,1.5948112618166972,7.0003119138428005,14.83817177924459,2.170981188714504,0.375,0.625,1.7170635125428428,2.7925550222396844,2.7065417766571045,0.147,5.832184156542717,-7.702979340553284,3.3324930667877197,0.989,3.9908309775918736,4.491105269193649,0.9116055369377136,0.0,0.04771685808264885,0.07518538087606429,0.18662500381469727,0.356,0.7560546904623507,1.4056880652904515,2.3210716247558594,0.288,0.12594006382541725,0.2490651306509972,0.4456038177013397,0.292,0.14870359716008877,0.42273366101086146,0.8831625580787659,0.183,0.13999623832564018,0.22853763990104198,0.18780793249607086,0.011,,,,
2017,4,base,2017-08-26,205,0.78,true,0.04839999999999999,1.1476270689293298,5.0721618890717055,27.072973745594147,1.5514892970980145,0.375,0.875,0.7342291767925027,-0.005829405784607555,3.137951374053955,0.471,4.0945530169641975,-5.942833318710328,3.86244797706604,0.932,2.555284218676389,3.208894621133804,1.1727313995361328,0.005,0.06994198762169108,0.13420156948268414,0.20236173272132874,0.243,1.536822318246216,2.5322769463062293,2.095966100692749,0.093,0.06138971877242439,-0.006487362384796115,0.28593355417251587,0.54,0.10428326913148114,0.5303674957156181,1.465477466583252,0.402,0.024512845229736353,0.05102365726605058,0.07754260301589966,0.224,,,,
2017,8,base,2017-07-29,199,0.975,true,0.0006250000000000011,2.0233413172378976,9.220757148487216,15.981962727788481,2.585329448515549,0.25,0.625,1.8303552093207838,2.945330667495727,2.608041763305664,0.132,8.258832460590899,-9.896287217140198,2.9163706302642822,0.999,4.262872409585119,4.748390208482742,0.8763176202774048,0.0,0.08584891126721635,0.16689825616776943,0.2132953554391861,0.187,1.5344810577061025,2.515584665536881,2.0687360763549805,0.12,0.06352416225264781,0.006667103320360211,0.3003762364387512,0.507,0.08428322899684719,0.29124972619116307,0.7222661375999451,0.305,0.06653309818356591,0.11222774378955364,0.0874127745628357,0.044,,,,
2020,1,base,2020-10-10,256,0.014,false,0.00019600000000000002,1.454236948457136,4.131980919722945,13.372588849380628,2.2935419154763217,0.6,0.8,3.5135370489776108,5.5120774936676,3.9108986854553223,0.05,1.3257736157172917,-1.8345011568069447,4.996201038360596,0.672,0.8610978678461165,-1.3783100402355197,1.4293129444122314,0.85,1.3704057501884537,-2.3838971221446985,3.285039186477661,0.742,0.20037045955620703,0.35892376452684416,1.238720178604126,0.465,,,,,,,,,,,,,,,,
2020,26,base,2020-04-18,241,0.277,false,0.07672900000000002,5.364947419245229,15.532174189324051,-5.466671236789914,6.898559182643889,0.0,0.6,14.174604426661134,16.733620448112486,4.572554111480713,0.0,5.198394815145433,-8.323691616058348,6.638799667358398,0.9,0.8039575258833916,-1.2253518557548526,1.7291866540908813,0.777,5.529454492077663,-6.133457686901092,1.2091660499572754,0.999,1.1183258364585227,2.0766743063926696,1.9632259607315063,0.091,,,,,,,,,,,,,,,,
2020,4,base,2020-09-19,251,0.014,false,0.00019600000000000002,2.0286598496529353,5.661988971808078,11.164627767827838,2.9382987995147705,0.4,1.0,3.408695887179372,5.623597784042356,5.077872276306152,0.122,2.0808068767184023,2.628256549835206,7.16857385635376,0.372,1.1275265266950805,-1.6944366848468784,1.833808422088623,0.842,3.236221521442284,-4.288452904820442,2.538156032562256,0.936,0.2900484362295363,0.45675007402896894,1.4598355293273926,0.444,,,,,,,,,,,,,,,,
2020,8,base,2020-08-22,250,0.018,false,0.00032399999999999996,2.2272257505248314,6.1593360043615935,10.784554125645823,3.327290334224701,0.2,1.0,2.6358352779397345,4.601336402893064,5.620754718780518,0.189,3.0876376879531144,4.92605136871338,7.86954927444458,0.249,1.8023668302574756,-2.5203965014219287,1.6689097881317139,0.937,3.357343364808353,-4.385154735445976,2.7917392253875732,0.936,0.2529455916654784,0.2035126626491548,1.3255997896194458,0.523,,,,,,,,,,,,,,,,
2023,1,base,2023-10-07,370,0.706,true,0.08643600000000003,0.81156961532586,2.835024324120208,22.746222688477626,1.137942153300558,0.5714285714285714,1.0,2.173923092892769,-3.3451906013488797,2.5307443141937256,0.915,0.6721064006671305,-0.3315779399871821,2.8185248374938965,0.58,0.46707121299266846,0.7346390032768255,1.395941138267517,0.313,1.4853592296703892,2.3826169228553766,1.9018398523330688,0.096,0.29082330323699845,0.2733039593696591,1.3198548555374146,0.445,0.36212266526421527,-0.5998974832892419,0.622565507888794,0.846,,,,,,,,,0.22958140255684956,-0.2983691629767419,0.5998060703277588,0.727
2023,26,base,2023-04-15,340,0.288,true,0.506944,2.3789389618320103,8.423250933849019,17.36704886551644,3.565903613141605,0.2857142857142857,0.8571428571428571,3.2987299063015008,-5.422814803123477,4.87741231918335,0.893,6.791156538296341,10.175922231674194,6.628916263580322,0.059,2.2152636637377725,-3.102702811956405,1.855566382408142,0.939,1.2252924284644422,2.374577001333236,4.895783424377441,0.345,1.9957583256574347,-2.589641984701157,1.2880680561065674,0.96,0.6693512198188434,-0.9489907118678094,0.7175771594047546,0.904,,,,,,,,,0.45702065054773816,-0.3466757473349572,1.667928695678711,0.737
2023,4,base,2023-09-16,366,0.624,true,0.141376,0.8139839794870121,2.8722993395148295,22.024809575473867,1.278031903249877,0.7142857142857143,1.0,1.7118367094406501,-2.898027615547183,3.6934409141540527,0.799,1.2760308913189176,2.0375874805450445,4.863991737365723,0.352,0.49934792799919814,-0.5852194285392756,1.7163282632827759,0.651,1.2010898095762719,2.2371987259387964,2.883913993835449,0.232,0.46785795572727945,-0.5703651422262195,1.528932809829712,0.676,0.2553949935959837,-0.34758543401956565,0.8061113953590393,0.683,,,,,,,,,0.28632956875078375,-0.27023949593305596,0.9189521670341492,0.71
2023,8,base,2023-08-19,358,0.562,true,0.19184399999999996,1.5637583712307608,5.463270487347673,19.665442680357103,2.5799940936906003,0.2857142857142857,1.0,2.9795807508024597,-4.885815696716311,4.971686840057373,0.833,2.7643436237928256,4.993793087005615,6.2079758644104,0.208,1.341904447030722,-2.060672805309295,1.8788492679595947,0.866,2.1679930925727615,4.177609310150146,4.769476413726807,0.179,1.0453899566942644,-1.5609541052579883,1.5401349067687988,0.854,0.3191288236069771,-0.2267791125178338,1.2028849124908447,0.637,,,,,,,,,0.3279679041153147,-0.15433453887701043,1.4087291955947876,0.666
2017,1,gauss,2017-09-16,211,0.286,true,0.5097959999999999,0.6495727636700378,3.2173651383108237,31.46751429964263,1.0281953096517826,0.75,1.0,1.5384480873316528,-2.501642775535584,3.7865400314331055,0.764,2.6837131008929007,4.37744270324707,4.184388637542725,0.132,0.36784046167735035,-0.45447129428386746,1.1437873840332031,0.714,0.03975351418076316,0.05603347718715666,0.1715264618396759,0.402,0.37735632575638606,-0.429933083057403,1.377414584159851,0.646,0.08499379637803184,-0.031827997714281055,0.39308327436447144,0.583,0.09177147403730945,0.3704703061282635,0.9095061421394348,0.399,0.012705349105907737,-0.0037408400606364005,0.05403055250644684,0.664,,,,
2017,26,gauss,2017-03-25,191,0.851,true,0.022201000000000005,1.4584262455440595,6.267462333242599,20.24215254420919,2.0800993005419146,0.375,0.625,1.5134570176631204,2.36766927242279,3.842118740081787,0.269,5.225282830150724,-7.364836230278016,4.0113983154296875,0.971,3.577907513442413,4.279197345972061,1.2733393907546997,0.001,0.04541772471726873,0.04474850185215472,0.2107938528060913,0.463,0.6951312500303616,1.1667665719985967,2.7177538871765137,0.377,0.3408259153331001,0.72707016736269,0.9831875562667847,0.198,0.1483610935808969,0.4608629851043225,0.9255931973457336,0.212,0.12102661943459231,0.22964332934468984,0.2461797297000885,0.041,,,,
2017,4,gauss,2017-08-26,205,0.605,true,0.15602500000000002,0.8177147827580605,3.5288335508668194,28.751000830440915,1.2644360980042257,0.625,1.0,1.0854986552417283,-1.2109369754791266,4.191864013671875,0.613,2.278713864643276,-3.55574776172638,4.928661823272705,0.788,1.574594263940752,2.3184362459182735,1.432706356048584,0.063,0.05310853796647863,0.09788101352751254,0.24139012396335602,0.342,1.323480346487463,2.3667645335197456,2.427056312561035,0.15,0.09653545582131483,0.06081699177622798,0.5003011226654053,0.51,0.117010760000745,0.48467061690986163,1.1487480401992798,0.356,0.01277637796272718,0.020234645176678896,0.10185272991657257,0.489,,,,
2017,8,gauss,2017-07-29,199,0.932,true,0.004623999999999993,1.9715472014703233,8.951679383540906,20.60167604337908,2.6175599311268885,0.25,0.75,1.6274637013256543,2.7484177827835077,3.5957720279693604,0.199,8.032596210952997,-9.992748394012452,3.5927910804748535,0.993,4.192243223462255,4.872130941152572,1.243667483329773,0.0,0.06597828316218218,0.131211930885911,0.23524244129657745,0.259,1.568726611194015,2.6394393920898445,2.4382245540618896,0.124,0.09836403728789188,0.014536406546831158,0.49500566720962524,0.562,0.12407228516151843,0.4252787327766419,1.0432509183883667,0.209,0.06293325921607149,0.1167158687673509,0.1112297996878624,0.077,,,,
2020,1,gauss,2020-10-10,256,0.006,false,0.000036,1.1785029437387609,3.3450092606719446,14.014763471135531,1.7429158461689944,0.6,1.0,2.784526961847839,4.502231760025022,3.5280470848083496,0.077,1.2296768977743386,-1.3371808624267567,4.462568759918213,0.636,0.7744559347301351,-1.2176725423336032,1.428358554840088,0.817,0.9112963175396567,-1.481304731369018,3.186185598373413,0.652,0.19255860680183384,0.17618933469057096,1.2030068635940552,0.57,,,,,,,,,,,,,,,,
2020,26,gauss,2020-04-18,241,0.254,false,0.064516,4.734841353641271,13.712913856224564,0.2526467808954873,6.3725423810482,0.0,0.6,12.462652101179957,15.636036677360533,5.668313980102539,0.005,4.358227490629255,-7.295264134407042,7.517691135406494,0.845,0.8463770782802256,-1.2656259691715244,1.8737194538116455,0.755,5.0863794697367,-5.789987784028053,1.4617787599563599,0.992,0.9205706283802165,1.8757973402738572,2.1907341480255127,0.147,,,,,,,,,,,,,,,,
2020,4,gauss,2020-09-19,251,0.017,false,0.00028900000000000003,1.7481027155044724,4.98261294180897,11.421948599014458,2.503695518195629,0.4,1.0,3.0011395917281485,5.045995993614194,5.268540859222412,0.165,2.0000065781593324,2.2343056106567394,7.433549404144287,0.385,0.8875898585663736,-1.30262108206749,1.9708685874938965,0.782,2.596683660398906,-3.5652790629863733,2.5747032165527344,0.911,0.2550938886696006,0.37027584165334715,1.524987816810608,0.489,,,,,,,,,,,,,,,,
2020,8,gauss,2020-08-22,250,0.025,false,0.0006250000000000001,1.9976343348137835,5.686616622777154,11.094326590867173,2.995955974280834,0.4,1.0,1.9724420626436165,3.2693365049362155,5.945137977600098,0.302,3.365886713031531,5.525143613815309,8.170331954956055,0.248,1.6926724938226494,-2.436247036457062,1.7657548189163208,0.922,2.6999311115806113,-3.6460265928506845,2.9416556358337402,0.912,0.25723929299050935,0.10302612334489834,1.294767141342163,0.555,,,,,,,,,,,,,,,,
2023,1,gauss,2023-10-07,370,0.699,true,0.09060100000000003,0.8443374174295541,2.969827463616969,22.79453504047225,1.2203654251779832,0.42857142857142855,1.0,2.323661959076526,-3.483187274932864,2.451488494873047,0.931,0.643521019823551,-0.4934373331069941,2.642237901687622,0.593,0.5148773811464016,0.8692970716953283,1.3780945539474487,0.261,1.5590158403553802,2.4812693154811853,1.8224822282791138,0.069,0.29906612250145526,0.3388221299648282,1.2326089143753052,0.411,0.3302072575432807,-0.5334798413515092,0.5735505223274231,0.834,,,,,,,,,0.24001234156028362,-0.343065009713173,0.5634157657623291,0.755
2023,26,gauss,2023-04-15,340,0.349,true,0.42380100000000004,2.184795225271892,7.675002383931192,17.826053315184573,3.363744774631092,0.2857142857142857,1.0,3.0053538480231192,-4.924487190246585,5.592277526855469,0.824,5.882934585018752,9.454691128730774,7.3448262214660645,0.097,2.337373932897075,-3.286517575979232,2.036450147628784,0.937,1.1994120014865317,2.2367941594123835,5.1426568031311035,0.392,1.9622768592798248,-2.5756896549463275,1.4004346132278442,0.948,0.4873062543610202,-0.6843237373232842,0.9645968675613403,0.789,,,,,,,,,0.4189090958369221,-0.38370997577905663,1.329929232597351,0.744
2023,4,gauss,2023-09-16,366,0.689,true,0.09672100000000003,0.7546426524448209,2.6366128966301448,22.216751289762257,1.0707247401561057,0.8571428571428571,1.0,1.3998847593849908,-2.3531368541717557,3.7051119804382324,0.746,1.1139948939538002,1.173194961547852,4.225600719451904,0.399,0.5350463802500063,-0.634978876113891,1.7246462106704712,0.653,1.2922041504696749,2.405029759407043,2.8386707305908203,0.194,0.4756659225612508,-0.6055747234821323,1.5067200660705566,0.683,0.20888518780006088,-0.1371797341108323,0.8302233219146729,0.598,,,,,,,,,0.25681727269396193,-0.18597827225923547,0.8941812515258789,0.667
2023,8,gauss,2023-08-19,358,0.631,true,0.136161,1.4134511245646002,4.945947107447493,20.019534611613597,2.34678269399064,0.42857142857142855,1.0,2.7262119851228617,-4.496436433792117,4.904181957244873,0.817,2.104566067131458,3.6467936801910406,6.265110015869141,0.284,1.2044297809824336,-1.9087137436866755,2.088332176208496,0.815,2.3234234241464717,4.471700117588043,4.858526229858398,0.163,0.9792309693250247,-1.4211588615179065,1.6652714014053345,0.812,0.2567533500557765,0.28776487529277794,1.2238006591796875,0.46,,,,,,,,,0.299542295188175,-0.1949111458659173,1.1727718114852905,0.681
2017,1,heavy,2017-09-16,211,0.361,true,0.408321,0.5839260987733952,2.8770201146966157,32.124512963939814,0.9259913307568057,0.625,1.0,1.2888577002644543,-2.0159960508346564,3.743124008178711,0.712,2.394352162871956,4.052379832267761,4.144547939300537,0.164,0.4176185809783268,-0.6175823849439627,0.9680460095405579,0.766,0.03978329785469688,0.060350762680172906,0.17732563614845276,0.414,0.3652286727031691,-0.3525677442550654,1.419866919517517,0.632,0.088325591536616,-0.05516591697931287,0.36815178394317627,0.622,0.060885569746174734,0.23639524564146996,0.7012714147567749,0.427,0.016357214231767496,-0.017492708452045917,0.0423971451818943,0.766,,,,
2017,26,heavy,2017-03-25,191,0.865,true,0.018225,1.4925152134811266,6.4642200566323,20.254591559914452,2.144779371041804,0.25,0.625,1.5127171975702045,2.454969215393066,3.915198802947998,0.243,5.414235220383108,-7.602006092071534,4.134548664093018,0.96,3.582160093677939,4.313826154470443,1.3429183959960938,0.001,0.04922540060536707,0.04581947624683379,0.22777332365512848,0.453,0.7145362819999461,1.1767212927341466,2.8201746940612793,0.361,0.4135077638648311,0.9230532196164132,1.209770679473877,0.189,0.13646039647733152,0.4175275212526322,0.9172964692115784,0.234,0.11727935327028613,0.2243119965493679,0.23094138503074646,0.04,,,,
2017,4,heavy,2017-08-26,205,0.702,true,0.08880400000000002,0.6728099437553616,2.9689013789855037,30.600474836816343,0.9834368482383435,0.625,1.0,0.8376691212266683,-0.28005845546722474,3.7756600379943848,0.522,2.0411863103979826,-3.3821015501022345,4.042176246643066,0.808,0.9239446109273279,1.489337872266769,1.3092399835586548,0.118,0.055200693817180596,0.10174511745572089,0.2202620953321457,0.34,1.3414681090341882,2.324082392454148,2.2915103435516357,0.141,0.09942930517771748,0.040421958714723615,0.4739583432674408,0.525,0.06623076003740383,0.2364283075928688,0.7055447697639465,0.444,0.017350639424423962,-0.013319131853058934,0.06016279384493828,0.727,,,,
2017,8,heavy,2017-07-29,199,0.943,true,0.003249000000000006,2.020161342807996,9.20175440389539,20.720088724293582,2.6705672095599584,0.25,0.75,1.7524301914513103,2.9625057458877557,3.4942452907562256,0.18,8.314883085794749,-10.20773042678833,3.4590325355529785,0.995,4.215661165243389,4.904701154232025,1.2620304822921753,0.0,0.06478215054695026,0.12594078481197357,0.20815378427505493,0.278,1.5284175199173393,2.605233776569367,2.452976703643799,0.115,0.10013418577093165,-0.013682201802730533,0.4573574662208557,0.574,0.12050931876694078,0.4264172280579806,1.0838170051574707,0.215,0.06447312497235838,0.11832635832950472,0.11385997384786606,0.065,,,,
2020,1,heavy,2020-10-10,256,0.01,false,0.0001,1.2723348969065624,3.6078020104947983,13.929646435830573,1.8427806345224376,0.6,0.8,3.1551176842737174,4.931459708213803,3.498599052429199,0.048,1.004467740617394,-0.8880330419540394,4.429973125457764,0.621,0.9349670516748729,-1.4494533991813663,1.292014718055725,0.891,1.0974980498467048,-1.9194625729322428,3.195077896118164,0.701,0.1696239581201225,0.025494450330734372,0.8779749274253845,0.591,,,,,,,,,,,,,,,,
2020,26,heavy,2020-04-18,241,0.275,false,0.07562500000000001,4.783412219400405,13.926377520402859,6.023124554567867,6.344459540903566,0.0,0.6,12.691817428687754,15.747205300331114,5.958633899688721,0.007,4.400137406743874,-7.336543331146239,7.7445454597473145,0.86,0.9236303387705657,-1.390235439538956,1.698224663734436,0.818,5.052695451405586,-5.50868794709444,4.561412334442139,0.987,0.8487804713942458,1.7396256864070894,2.1039962768554688,0.177,,,,,,,,,,,,,,,,
2020,4,heavy,2020-09-19,251,0.016,false,0.000256,1.8591739589395584,5.3143484341018965,11.998639563738564,2.729503989636898,0.4,1.0,3.0405912429724617,5.138669295310971,5.121979713439941,0.142,2.105286463338584,2.796884050369264,7.180575370788574,0.336,1.0647634863376245,-1.6178655779361728,1.7981460094451904,0.817,2.8559144687393863,-3.8966589087247843,2.5720980167388916,0.932,0.229314133309736,0.19744211584329618,1.2969244718551636,0.531,,,,,,,,,,,,,,,,
2020,8,heavy,2020-08-22,250,0.016,false,0.000256,2.1254993554436328,6.022493927811715,10.42388963659782,3.1841090036630626,0.4,0.8,1.8865794902381285,3.4056076240539523,5.2965521812438965,0.257,3.754989566958549,6.001378765106202,6.934109210968018,0.178,1.9212208589463682,-2.620537520051003,1.406042456626892,0.959,2.8038924169892567,-3.777309175729751,2.3268747329711914,0.942,0.26081444408586246,-0.11571193337440479,1.051624059677124,0.633,,,,,,,,,,,,,,,,
2023,1,heavy,2023-10-07,370,0.758,true,0.058564,0.8011708750292994,2.8185215773284247,23.021961694194196,1.126081813531263,0.42857142857142855,1.0,2.087473063006404,-3.2085350322723416,2.4804208278656006,0.919,0.617632476405501,-0.3994497489929194,2.53456449508667,0.608,0.38596704857140807,0.600007011890412,1.3087010383605957,0.337,1.6461213881959007,2.5163354730606073,1.6835938692092896,0.054,0.29160797527741633,0.28355297803878754,1.1949728727340698,0.416,0.35252714933996065,-0.5588695573806763,0.6205142736434937,0.839,,,,,,,,,0.22686702440850437,-0.31582289308309563,0.5243840217590332,0.769
2023,26,heavy,2023-04-15,340,0.345,true,0.42902500000000005,2.2775626089349585,7.997240051568716,17.140531508638173,3.4373699219737737,0.2857142857142857,0.8571428571428571,3.0950252096094206,-5.121593790054324,5.64477014541626,0.82,6.221424106192586,9.767079071998596,7.434486389160156,0.095,2.5574297129091232,-3.374254122972488,1.6676713228225708,0.968,1.2161093056250727,2.182699218988418,4.925695896148682,0.367,1.9484771270395724,-2.585160833001137,1.509597659111023,0.945,0.49271737222151346,-0.7021241056919099,0.9282992482185364,0.821,,,,,,,,,0.4117554289474257,-0.32867831110954293,1.4676203727722168,0.728
2023,4,heavy,2023-09-16,366,0.716,true,0.08065600000000002,0.7807550573567382,2.6951290418837353,22.29990209086566,1.1934693302001274,0.7142857142857143,1.0,1.4732466777235287,-2.428003268241885,3.478703022003174,0.775,1.0664757702583072,1.4580634403228765,4.283629894256592,0.381,0.54032213004291,-0.7732586717605585,1.4755672216415405,0.723,1.4551951419789708,2.569909617900848,2.6808547973632812,0.157,0.47431111783031377,-0.6183364504575732,1.3938122987747192,0.715,0.2297227792986669,-0.27247203320264823,0.8247668147087097,0.665,,,,,,,,,0.2260117843644693,-0.23424182951450356,0.8328781723976135,0.705
2023,8,heavy,2023-08-19,358,0.612,true,0.150544,1.4377881196271132,4.971095439268262,20.181097378386013,2.3109931382536897,0.2857142857142857,1.0,2.6539859630188367,-4.275619106292727,4.43574857711792,0.841,2.2537487047719953,3.932034687995911,5.217892169952393,0.222,1.3161272122771281,-1.9905807232856745,1.6345422267913818,0.891,2.3381518294643593,4.25309412240982,4.188370704650879,0.12,0.9696349109720441,-1.3927725219726566,1.4982738494873047,0.855,0.25403024235877675,0.1274403017759322,1.1822298765182495,0.495,,,,,,,,,0.2788379745266529,-0.20541050404310235,1.0564478635787964,0.677
2017,1,legacy,2017-09-16,211,0.707,true,0.08584900000000002,1.026410739347118,3.9734315866916425,21.506870565658403,1.3381842514505844,0.25,0.5,2.0380420720785857,-2.6800394773483283,1.1401642560958862,0.994,2.4275279542899124,3.1553716516494745,1.2956302165985107,0.007,1.5850504112270478,-2.054486457705498,0.8415387272834778,0.993,0.06902539371785243,0.11627007089555262,0.16166743636131287,0.225,1.645155257227272,2.0433586716651924,0.713010847568512,0.002,0.2840622043350153,0.41427281469106675,0.26124823093414307,0.056,0.13520861941412088,-0.20209176315460353,0.42007529735565186,0.682,0.027214002487137925,0.039583104494959116,0.0844632238149643,0.313,,,,
2017,26,legacy,2017-03-25,191,0.988,true,0.00014400000000000025,1.7975110951626214,7.515991903296146,14.937206103225154,2.296121058929711,0.125,0.625,1.4067097580909727,2.2868274927139276,1.9498729705810547,0.109,6.662762204362453,-8.008542551994324,2.3879072666168213,1.0,3.302444722877593,3.823029588460922,0.9346158504486084,0.001,0.13494566721550647,0.22578736580908298,0.2838059067726135,0.204,1.723073116373271,2.519021618366242,1.6044586896896362,0.059,0.7144864732078835,1.0210689601302148,0.5805936455726624,0.034,0.35472470651458954,0.3524072116613388,1.3579185009002686,0.392,0.08094211265870135,0.1322836823016405,0.17122261226177216,0.208,,,,
2017,4,legacy,2017-08-26,205,0.998,true,4.0000000000000074e-6,1.658415003072606,7.3013509785071316,7.0381465003644585,1.910281261499331,0.375,0.625,0.35722276389002783,0.3629981756210321,1.326650619506836,0.369,6.049417358359696,-6.848928227424622,1.4191503524780273,1.0,2.5033962883436685,2.9677550899982448,0.8323679566383362,0.001,0.08719318075522316,0.14399917609989643,0.18068347871303558,0.208,3.8650511438071735,4.356093394756318,0.8769919872283936,0.0,0.1940248836492654,0.31856340140104294,0.30953261256217957,0.14,0.18322992877643565,-0.25219826663145795,0.6395905017852783,0.655,0.02778447699935874,0.03171436006203294,0.10389037430286407,0.389,,,,
2017,8,legacy,2017-07-29,199,0.999,true,1.0000000000000019e-6,2.349760153783423,10.531441450050727,-5.9068108433847755,2.680056512940209,0.125,0.625,1.264506524249911,1.9535779237747186,1.4129267930984497,0.092,9.325965234327317,-10.234892263412476,1.6218109130859375,1.0,4.177834261383863,4.5653026211261745,0.6928843259811401,0.0,0.14658655851224903,0.230465492233634,0.19327111542224884,0.12,3.4862682258494204,4.012845146656037,0.9333084225654602,0.0,0.1503060174675193,0.23976578161120418,0.349025696516037,0.235,0.18664271903272717,0.1042285116761923,0.7676262259483337,0.441,0.05997168944437757,0.09937436303123831,0.12072743475437164,0.193,,,,
2020,1,legacy,2020-10-10,256,0.0,false,0.0,1.7415438498207474,5.130541889430988,4.731380051054309,2.2022277114391318,0.2,0.4,4.481565076085923,5.201969428062436,1.2859759330749512,0.0,2.2087038265138856,-3.0171616172790516,1.4866100549697876,0.98,1.5099380924832078,-1.9276782280206683,0.7477986812591553,0.995,0.1448168700070677,-0.240646716356277,0.34818699955940247,0.748,0.3626953840136529,0.6236825674772264,0.7555676102638245,0.221,,,,,,,,,,,,,,,,
2020,26,legacy,2020-04-18,241,0.183,false,0.033489,5.732709598201937,16.449369143956616,-78.7024096240016,6.737649366021155,0.0,0.4,14.890834789761904,16.23353747844696,2.404010772705078,0.0,6.591544292004406,-8.588082919120787,3.6719181537628174,0.99,1.1261754436430338,-1.8017183399200443,1.6326549053192139,0.876,4.805344564264079,-5.039235990643501,0.4161190390586853,1.0,1.249648901336267,2.025672101974487,1.9596940279006958,0.154,,,,,,,,,,,,,,,,
2020,4,legacy,2020-09-19,251,0.0,false,0.0,1.7713874048624778,4.490168815332454,-4.796786240706595,2.33770936024189,0.2,0.4,3.4481214113005967,4.521495981216428,1.9403821229934692,0.009,0.9843684628766778,1.5962498092651378,2.478855848312378,0.261,1.4211233890102064,-1.986885384321213,1.0626906156539917,0.971,2.49517950268872,-2.7345367187261576,0.4240521788597107,1.0,0.5081442584361883,0.8493789076805116,1.108406901359558,0.225,,,,,,,,,,,,,,,,
2020,8,legacy,2020-08-22,250,0.0,false,0.0,2.4047699957401596,5.907585468414576,-15.929345804962278,3.106396973550319,0.2,0.2,2.8832277709269496,4.037425799369809,2.146981954574585,0.034,3.0315012845575815,4.426594247817994,2.638529062271118,0.04,2.686568530636654,-3.3048904842138294,1.1157127618789673,0.995,3.036310950949414,-3.2767609173059458,0.4270973205566406,1.0,0.38624144163019947,0.4863134190440179,1.2440391778945923,0.335,,,,,,,,,,,,,,,,
2023,1,legacy,2023-10-07,370,0.952,true,0.002304000000000004,0.8187319272468746,2.8911195519168222,13.705643465700497,1.0722790689127788,0.2857142857142857,0.5714285714285714,1.905652605752948,-2.5457641649246243,1.1565601825714111,0.988,0.5925254336392877,-0.9877118301391596,1.398699402809143,0.764,0.2168437140615287,0.31223802208900503,0.6877521872520447,0.317,2.256813984426855,2.580595240592956,0.5748533010482788,0.0,0.19240313805520523,0.263913992643356,0.6205912828445435,0.321,0.1750608622941002,-0.2903878855705262,0.26538002490997314,0.862,,,,,,,,,0.3918237524981983,-0.5253423464298249,0.24285826086997986,0.984
2023,26,legacy,2023-04-15,340,0.417,true,0.33988899999999994,2.1108426123772945,7.373757609655568,17.49928469711892,2.996219847415175,0.14285714285714285,0.7142857142857143,1.9868240811216857,-3.285675363540652,3.3931124210357666,0.833,5.847776782059669,8.168631510734558,4.262820720672607,0.025,3.167998190012721,-4.039293692111968,1.5491881370544434,0.997,1.8602334477464844,2.7046041941642756,1.6433898210525513,0.056,1.5146845698089713,-2.3381368333101276,1.733176589012146,0.907,0.2486249136298894,-0.4115220326185227,0.4388120472431183,0.86,,,,,,,,,0.14975630226164122,-0.025675305426120856,0.6671746373176575,0.521
2023,4,legacy,2023-09-16,366,0.965,true,0.0012250000000000021,0.8069675101386703,2.832572749087393,18.35483101397817,1.0655309090444023,0.2857142857142857,0.8571428571428571,1.1775103276854773,-1.8738201427459744,1.528889775276184,0.886,0.4518367735159399,0.3487077522277837,1.8458439111709595,0.428,0.6016619508533171,-0.9626397645473475,0.8399961590766907,0.878,2.743469585715978,3.2112101471424097,0.8239349126815796,0.0,0.3151296041008833,-0.4828401917219165,0.8378151655197144,0.724,0.14232088214512914,0.2307176423072814,0.3205330967903137,0.23,,,,,,,,,0.21684344695396718,-0.3487807226181031,0.28748103976249695,0.89
2023,8,legacy,2023-08-19,358,0.899,true,0.010200999999999997,1.3659298740463077,4.591713569479786,15.17775894192729,1.8960817999924935,0.14285714285714285,0.5714285714285714,2.312361121402981,-3.3913216161727933,2.045318365097046,0.958,1.2602533214569096,2.0837781000137334,2.5034422874450684,0.215,1.2565167229108498,-1.8356384491920466,1.1102427244186401,0.95,3.7278469069048747,4.314404950141906,1.0423457622528076,0.0,0.44424628426227747,-0.7439886295795444,1.0710915327072144,0.745,0.2897048086189851,0.4554997962713241,0.3863373398780823,0.118,,,,,,,,,0.27057995276727714,-0.4479410585761071,0.40142861008644104,0.882
2017,1,ensemble,,,0.28125,true,0.5166015625,0.6516878454449224,3.2054598791840867,31.250969453147615,1.0314941036875824,0.75,1.0,1.5443717397782961,-2.48934931755066,3.7742483615875244,0.7665,2.7044671165234595,4.396689043045043,4.176304340362549,0.1335,0.36553643475445935,-0.4472557795047766,1.1834982633590698,0.716,0.03883302989816512,0.05538569577038287,0.17844676971435547,0.408,0.37338931913860124,-0.44446693062782233,1.349729061126709,0.64625,0.08656298063739942,-0.04886198073625562,0.3823918402194977,0.59775,0.08754257542455826,0.3667377980798483,0.9344357252120972,0.4045,0.012799567404440547,-0.003206284185871481,0.05555064231157303,0.6695,,,,
2017,1,calibrated,,,0.26575,true,0.5391230625000001,0.6643975853059629,3.2013379652953438,5.115367068636829,1.0481005111068076,0.625,0.875,1.5355407426658287,-2.5035421887017852,3.446146735125346,0.77875,2.7432336045295322,4.374716979031779,3.812104609806267,0.11475,0.35543868794509587,-0.46356461449682806,1.0752121778381558,0.729,0.03594738393562169,0.05133477616850986,0.16061292632720667,0.40225,0.35678398170761166,-0.46449882400146913,1.2324273514635549,0.6665,0.08089492937972197,-0.058563473251911635,0.34536466951695605,0.60825,0.0772075600638785,0.33629683687259054,0.7465197565761881,0.37875,0.13013379222041355,0.1322863963295875,0.014921902101157198,0.0,,,,
2017,1,equal,,,0.3325,true,0.44555625,0.572427429300042,2.7693006724147837,31.835837357682685,0.920589667931199,0.875,1.0,1.348635572760925,-2.1655947685241705,3.5827476978302,0.734,2.305584032050631,3.9088339662551874,4.086464881896973,0.15725,0.3494323515928027,-0.47985728502273617,1.064359426498413,0.714,0.041903912413937365,0.06904531084001063,0.17577475309371948,0.375,0.3580960720849919,-0.3442692875862116,1.3825981616973877,0.622,0.07763600256507924,-0.04719305068254468,0.3394416868686676,0.59125,0.08541328314421058,0.34404142037034036,0.8959245085716248,0.37925,0.012718207787758203,0.005882254168391228,0.06252682954072952,0.58675,,,,
2017,4,ensemble,,,0.604,true,0.156816,0.8208574233047043,3.656131124160048,28.552831743645775,1.269072611044394,0.625,1.0,1.0996106761198488,-1.1889637231826788,4.188226699829102,0.60575,2.3108726660645007,-3.6067961597442633,4.955105781555176,0.78325,1.5700503097793603,2.3235883224010463,1.44273841381073,0.063,0.05346440216785413,0.10196234844624995,0.26711466908454895,0.3465,1.2981926965892088,2.3308534801006324,2.3800911903381348,0.152,0.09680735672410926,0.049980401694774655,0.4911087453365326,0.5205,0.12494371463948198,0.5284085052460432,1.2430263757705688,0.34025,0.01291756435327059,0.02202794753946364,0.11142090708017349,0.482,,,,
2017,4,calibrated,,,0.5955,true,0.16362024999999997,0.8754059736833125,3.924406399734397,26.567278132910015,1.3888210919008357,0.5,0.875,1.35841838283757,-1.5623979432417168,5.063981568147265,0.61375,2.501289797538871,-3.7972342154275527,5.9603289015099055,0.76125,1.4534044230982777,2.287754084132704,1.7322579570304526,0.101,0.059417521473396295,0.11490552301816007,0.35748285745443925,0.377,1.2411346687158382,2.3572364718897036,2.8963475928730653,0.2025,0.1169558256204893,0.07723405267647618,0.6239210070298328,0.521,0.146091002576564,0.773799287677011,2.041472354267281,0.3995,0.1265361676054945,0.14000715714336148,0.12839496978066584,0.0,,,,
2017,4,equal,,,0.697,true,0.09180900000000003,0.8630922286369522,3.838086198800391,29.043265898951248,1.285504291750258,0.625,1.0,0.8742620772581554,-0.5517334461212164,3.8045108318328857,0.5375,2.7708457460769647,-4.326397075653077,4.514906406402588,0.8435,1.5739349391246686,2.3426267910003657,1.4938381910324097,0.06,0.058371814756896505,0.10889846645295619,0.21977591514587402,0.314,1.4322957402135015,2.4661694347858436,2.264284133911133,0.11725,0.08480430461726818,0.035032022446393994,0.4303831160068512,0.522,0.09591181504696247,0.432451313585043,1.2025606632232666,0.3945,0.014311392001200608,0.02072578395716846,0.09724996238946915,0.48,,,,
2017,8,ensemble,,,0.93325,true,0.004455562499999997,1.9699075970683433,9.092155622410985,20.529924174187812,2.6182703032414425,0.25,0.75,1.623995623873919,2.7387499094009393,3.6359004974365234,0.19275,8.03077817772368,-9.999236359596253,3.6465368270874023,0.98975,4.19883778072591,4.883408139944076,1.2484447956085205,0.0,0.06626114122777875,0.1310007069259882,0.2423281967639923,0.262,1.5539076226725943,2.6000712692737586,2.42033052444458,0.1255,0.09846495603542801,0.02186256244778636,0.49035778641700745,0.56475,0.1248207650564014,0.45622644223272807,1.1849004030227661,0.218,0.062194709231032756,0.11560703611001372,0.11096222698688507,0.078,,,,
2017,8,calibrated,,,0.8645,true,0.018360249999999988,1.8623402181498838,8.665772035476119,21.883842857787823,2.632939467690148,0.5,0.625,1.479410485420893,2.13476415942056,5.174374961110781,0.31625,7.636194735591103,-10.18577075662236,5.093686711180906,0.9605,3.81598158898432,4.772039552214685,1.7537287258957566,0.0015,0.07444678640092693,0.15957365539289994,0.38127139788839076,0.3325,1.4880213177684387,2.72340786723292,3.360758678957458,0.1965,0.13611110841812796,0.08811469174584263,0.754954721177079,0.56325,0.1432507561985933,0.829350244801797,3.0772632492515215,0.31275,0.12530496641666686,0.17049481409011938,0.13354247522580381,0.0,,,,
2017,8,equal,,,0.95325,true,0.002185562499999996,1.9926712201606231,9.057348348137811,20.502567547830537,2.6197644327790472,0.125,0.75,1.7639335117729384,2.9278158426284784,3.2539002895355225,0.16775,8.162034461451062,-10.00326265335083,3.3745956420898438,0.9935,4.183953424531874,4.810953478813171,1.14145028591156,0.0,0.07334262636320202,0.14458982087671757,0.22648672759532928,0.237,1.496152917436953,2.5398266196250923,2.33032488822937,0.12325,0.0841640164471418,0.006871342360973386,0.4217408001422882,0.55175,0.11317181329351116,0.40923116005957133,0.9855861067771912,0.247,0.06461698998830029,0.11556454451754689,0.10346779227256775,0.061,,,,
2017,26,ensemble,,,0.86025,true,0.01953006250000001,1.4772667394427992,6.265622737980657,20.399743829388303,2.104619597843848,0.375,0.625,1.5441475294571363,2.4245946884155267,3.861748456954956,0.26175,5.316294226216487,-7.466366782188416,4.016186714172363,0.973,3.5840299312640407,4.276174645423889,1.2623487710952759,0.00075,0.045099885283134786,0.04339226335287093,0.21474838256835938,0.47325,0.7170245666289937,1.1985082805156713,2.7479567527770996,0.37325,0.3373712790699817,0.7267130982875825,0.9901556372642517,0.202,0.1513283866562504,0.4710084407031537,0.9516419172286987,0.21025,0.1228381109663682,0.2301985838636756,0.24851290881633759,0.0335,,,,
2017,26,calibrated,,,0.73125,true,0.07222656250000002,1.4502556038517345,6.0208842730957235,20.37621557066,2.1873243046948407,0.625,0.75,1.7165062877184132,0.8062774998496447,7.089962731395591,0.41925,5.157929134876914,-8.123644606634395,7.065505328025312,0.8705,2.8113917130876085,3.9728618157253384,2.1982093051694127,0.02125,0.07840803707224804,0.10395008018719981,0.4581002091217648,0.503,1.0925399691332316,1.6957761055046525,5.1537392951904,0.45825,0.39415551248776354,1.1104871441401634,2.4533939730463405,0.32875,0.21572385465890975,1.3135426626555602,4.547665815115997,0.36325,0.1353903217787879,0.3720545228617719,0.8587201012173218,0.0,,,,
2017,26,equal,,,0.88975,true,0.01215506249999999,1.5220460194375258,6.542039726514307,18.703389605847317,2.143637531730346,0.25,0.625,1.5653927690116691,2.5308161258697504,3.5018351078033447,0.21575,5.569837413751187,-7.606753602027894,3.7875983715057373,0.97575,3.718158249160677,4.367954622507095,1.1823079586029053,0.0005,0.047689000411631405,0.0588869098573923,0.210320383310318,0.41675,0.7330136486761387,1.2818907082080846,2.6099772453308105,0.32875,0.2660347731119524,0.6371198666095734,1.0037760734558105,0.23375,0.1483806622426808,0.43647430114448077,0.885979175567627,0.213,0.1278616391342726,0.22920411761850118,0.2218114137649536,0.02475,,,,
2020,1,ensemble,,,0.01125,false,0.0001265625,1.2799280521501075,3.580791059204718,13.962162897871416,1.8672496078014367,0.6,0.8,3.209015872925256,5.013505501747129,3.564640998840332,0.04925,1.0133057792878521,-0.9758306837081898,4.387725830078125,0.62725,0.9329269004911042,-1.437026575803757,1.2820829153060913,0.8945,1.0780600663988888,-1.8883061075210565,3.1981945037841797,0.6955,0.16633164164743505,0.0215791702270509,0.8789725303649902,0.5885,,,,,,,,,,,,,,,,
2020,1,calibrated,,,0.00325,false,0.0000105625,1.363860166524453,3.901915399772024,14.010410453758658,1.9248458593379936,0.4,0.8,3.6805767965360037,5.184526506609926,2.8186783380250024,0.017,0.7762331595550266,-0.65854186190209,3.471326433847662,0.6155,0.9803619289490316,-1.4345149924935061,1.0069608172269118,0.94375,1.2500937348866055,-2.3439785624965936,2.5103050030842224,0.8395,0.13203521269559657,-0.002667373187850361,0.6604827870442972,0.59025,,,,,,,,,,,,,,,,
2020,1,equal,,,0.01225,false,0.00015006250000000002,1.2895244804747403,3.7288961805232415,13.775592428174363,1.9508344677686684,0.6,1.0,3.1609924106184546,4.9869456720352145,3.67038631439209,0.05925,1.1718730797597392,-1.3740880584716786,4.645062446594238,0.6515,0.8681515162327,-1.3661477124691013,1.3638372421264648,0.86175,1.0667868983483466,-1.8522307687997812,3.230234146118164,0.68725,0.17981849741446188,0.17476012706756605,1.1135518550872803,0.54375,,,,,,,,,,,,,,,,
2020,4,ensemble,,,0.0165,false,0.00027225000000000003,1.8737554576744344,5.333912029343031,11.86495351744434,2.740601629436016,0.4,1.0,3.051524366062691,5.127758665084836,5.167684078216553,0.14375,2.1034727565090354,2.798678150177003,7.305284023284912,0.33275,1.0710832649582838,-1.6324936753511432,1.7864784002304077,0.8215,2.9148447618515245,-3.9285544717311853,2.558108329772949,0.93525,0.227852138990638,0.21552318483591093,1.3584816455841064,0.531,,,,,,,,,,,,,,,,
2020,4,calibrated,,,0.0165,false,0.00027225000000000003,1.8738624133893933,5.334168992804572,11.865077651931738,2.740756577793669,0.4,1.0,3.0518261211835713,5.127940363872097,5.166279893373567,0.14475,2.103266177539486,2.799075095895154,7.302952576519632,0.33275,1.0710821760938773,-1.632549504790934,1.7859329446894754,0.8215,2.915356455732164,-3.928809771582703,2.5567716235379083,0.93525,0.22778113639786643,0.21540815282745895,1.3578978753804463,0.531,,,,,,,,,,,,,,,,
2020,4,equal,,,0.01425,false,0.0002030625,1.883655471850079,5.441579686125019,11.841858543614826,2.747562446117401,0.4,1.0,3.12388784888814,5.16795603752136,5.213598251342773,0.1435,2.080344716365329,2.7307705783844005,7.284221649169922,0.35525,1.038176105263741,-1.587083504199982,1.8422465324401855,0.8135,2.923220622766033,-3.9314598256349558,2.634115695953369,0.92625,0.25264806596715206,0.320542284846306,1.487731695175171,0.50475,,,,,,,,,,,,,,,,
2020,8,ensemble,,,0.014,false,0.00019600000000000002,2.1049205428523945,5.980679580897034,10.4247159492134,3.1496309576630592,0.4,0.8,1.8662574962360217,3.3699044418334934,5.303516387939453,0.26475,3.7070674066036218,5.939455499649049,6.86721658706665,0.1815,1.9173566858677085,-2.604261354207993,1.3907063007354736,0.9575,2.769621765503205,-3.7335928940773004,2.361074447631836,0.946,0.26429936005141624,-0.10094059854745853,1.0649182796478271,0.629,,,,,,,,,,,,,,,,
2020,8,calibrated,,,0.02375,false,0.0005640625,2.0426821429296096,5.824869452579024,10.968340296314626,3.0450025305078587,0.4,1.0,1.8746244211962333,3.313480671753627,5.9433891317660885,0.29525,3.5954986599129053,5.705773119874524,7.713906192807263,0.22225,1.858611230189959,-2.588973232697146,1.5695463114770634,0.93725,2.593422175952205,-3.55553549214209,2.768231888666137,0.9175,0.2912542273967447,-0.06125013607190671,1.2279139175154916,0.62575,,,,,,,,,,,,,,,,
2020,8,equal,,,0.01725,false,0.00029756250000000003,2.115280418431215,5.898240688432037,10.840803514324715,3.160490572869777,0.4,1.0,2.0316210268627657,3.558562083244321,5.57373046875,0.257,3.507647729823181,5.693014135360719,7.478250503540039,0.20875,1.8717700552115197,-2.5935384786129,1.5657435655593872,0.94325,2.907315274535748,-3.8900044226646417,2.8230342864990234,0.929,0.2580480057228588,0.0673337444663049,1.2390151023864746,0.579,,,,,,,,,,,,,,,,
2020,26,ensemble,,,0.281,false,0.07896100000000002,4.809112120256496,13.917303293314692,5.494025215641997,6.3912858066558815,0.0,0.6,12.777298593803533,15.88272838115692,5.916079998016357,0.00575,4.437456286559678,-7.309649715423583,7.668412685394287,0.859,0.9472289205993921,-1.4343652284145358,1.6576319932937622,0.82925,5.037063237459376,-5.591462966203689,3.570884943008423,0.989,0.8465135628605017,1.7382227420806886,2.101804494857788,0.17675,,,,,,,,,,,,,,,,
2020,26,calibrated,,,0.31825,false,0.10128306249999998,4.412580770355225,12.628460031334237,8.148985339783954,6.301087054424986,0.2,0.6,11.115343676677062,15.221612728860068,7.913567334875473,0.024,4.624454829343967,-7.742587202955003,10.203025792110552,0.79825,0.993305317762763,-1.4041939901747889,2.265296835260589,0.78175,4.464008974543903,-5.104892746644918,4.940645071057325,0.961,0.8657910534484274,2.032148603490153,3.2064174617019137,0.26025,,,,,,,,,,,,,,,,
2020,26,equal,,,0.27575,false,0.0760380625,4.99620445771147,14.527576466519035,4.42442031584414,6.573720164358614,0.0,0.6,13.179339482373443,16.113243384361265,5.463780403137207,0.00425,4.699914885023959,-7.703377137184142,7.332302093505859,0.868,0.8785398791383207,-1.3313490307331088,1.7494512796401978,0.79725,5.250596908001556,-5.809829611480236,3.2842249870300293,0.99275,0.9726311340200706,1.9108016580343248,2.1034891605377197,0.1395,,,,,,,,,,,,,,,,
2023,1,ensemble,,,0.68475,true,0.09938256250000002,0.8482112521935611,2.9982064158090016,22.903304236262567,1.2225220489501956,0.42857142857142855,1.0,2.353945159554931,-3.493871407508853,2.4420812129974365,0.93075,0.6314025760217563,-0.4551145267486567,2.6149933338165283,0.58,0.5271815074027894,0.8942319297790533,1.3850071430206299,0.25925,1.5388344752651812,2.448930815458297,1.8116066455841064,0.07725,0.3049602507463958,0.36581036806106537,1.23599112033844,0.39475,0.3380148336415387,-0.5478825587034226,0.5641530156135559,0.84025,,,,,,,,,0.24313996272233543,-0.35181273639202126,0.5550370812416077,0.766
2023,1,calibrated,,,0.68525,true,0.09906756249999998,0.8481476830999883,2.9977872561302474,22.95314686884089,1.2209848773836947,0.42857142857142855,1.0,2.3604189361968317,-3.4862001358559658,2.392827148147266,0.93225,0.6193268239874015,-0.4516800988549341,2.5620088551539806,0.58,0.526304889716251,0.895174005935627,1.3571341491658335,0.2565,1.5486194771759967,2.446626644087176,1.774618313284058,0.0755,0.3002322009024443,0.36309511633924807,1.210627035736417,0.391,0.33938417116688085,-0.5496579676224702,0.5525906802878364,0.8435,,,,,,,,,0.2427472825541117,-0.3544601729904406,0.5428313955775045,0.773
2023,1,equal,,,0.711,true,0.08352100000000003,0.8225148587109364,2.8582720328821827,23.014536876673766,1.1639763977697921,0.42857142857142855,1.0,2.2411794722095904,-3.3813497591018704,2.520822286605835,0.92075,0.6333559125188919,-0.37575690269470163,2.64313006401062,0.58825,0.4566539167431467,0.7438315296173101,1.379534363746643,0.306,1.5536767005193546,2.4515802419185633,1.8485426902770996,0.084,0.2989512819088877,0.31389397740364045,1.2525941133499146,0.42,0.3393320574914028,-0.5528196859359742,0.6076405048370361,0.833,,,,,,,,,0.23445466958528033,-0.32860268771648415,0.5566882491111755,0.756
2023,4,ensemble,,,0.6965,true,0.09211224999999999,0.7378386346051775,2.594273629093082,22.243283324115243,1.0329789280465673,0.8571428571428571,1.0,1.327114165350591,-2.2109618949890164,3.7301712036132812,0.73075,1.0721928037405954,1.016354279518128,4.210002422332764,0.41625,0.5239323638299289,-0.6263436532020563,1.7066975831985474,0.6435,1.2970716654637306,2.429957166910171,2.8442955017089844,0.19475,0.48171453420246046,-0.6245938205718997,1.4781875610351562,0.688,0.20621747942598298,-0.13521464347839365,0.831783652305603,0.59375,,,,,,,,,0.25662743022295237,-0.1874270376563073,0.8915168046951294,0.671
2023,4,calibrated,,,0.6615,true,0.11458225000000001,0.884767400301802,3.130882222767471,20.04963546365972,1.0529531230892133,1.0,1.0,1.6390091827563786,-2.583289078908657,5.096287977886431,0.70225,1.393604781814544,0.8758398646335597,5.755488086434353,0.466,0.6813533708942004,-0.6783518638376131,2.352559460822159,0.62125,1.302606428105851,2.5742013462823983,3.9759676206800494,0.2765,0.5823028258611121,-0.5322056977941789,2.0842620731990524,0.6425,0.27344693323663416,-0.07382584411391828,1.1677327778514577,0.58625,,,,,,,,,0.3210482794438941,-0.05295816605416816,1.3478781492777308,0.642
2023,4,equal,,,0.684,true,0.09985599999999997,0.7609719993081276,2.599222988232107,22.182212073095936,1.1292472147090096,0.7142857142857143,1.0,1.4736492245486394,-2.4638912248611478,3.698247194290161,0.76725,1.0999841341613605,1.3858285713195806,4.436684608459473,0.393,0.5099251258243617,-0.6050655400753016,1.6611361503601074,0.65975,1.3042899234433016,2.4022335565090174,2.804542064666748,0.1935,0.45682060125754703,-0.5738497787714008,1.4712220430374146,0.6915,0.22451973271262585,-0.2341317179799081,0.8443671464920044,0.64025,,,,,,,,,0.2576152532090572,-0.23973011344671258,0.8703500032424927,0.69775
2023,8,ensemble,,,0.632,true,0.135424,1.4106133303328474,4.9290912067111785,20.092495730955303,2.346520859301091,0.42857142857142855,1.0,2.6698602340270225,-4.421796517372134,4.9391188621521,0.81225,2.1493740175040057,3.733646588325501,6.376059532165527,0.28225,1.2132863569449301,-1.9129814362525934,2.121335744857788,0.808,2.2910971794363006,4.392171130180358,4.833706855773926,0.162,1.003996288398381,-1.471402596831322,1.6568514108657837,0.811,0.25406102921136764,0.3017756921052932,1.2244226932525635,0.4575,,,,,,,,,0.29261820680792394,-0.19187205404043206,1.1032147407531738,0.67525
2023,8,calibrated,,,0.618,true,0.145924,1.6671189764425078,5.854275022856575,16.66861289863579,2.5301467924244667,0.8571428571428571,1.0,3.4521664545448423,-5.540103317017003,7.885275211804535,0.75675,2.527254766010735,3.2307941445445576,10.149137173953754,0.41625,1.4626841799740502,-2.042592188979679,3.422440197599489,0.73725,2.2802804652674022,5.022257630014845,8.198831752434144,0.29925,1.1229580078305283,-1.2524705347297098,2.897507594324335,0.73625,0.4019824989755704,0.4700992050679975,2.1760712554083077,0.51175,,,,,,,,,0.4225064624944262,0.1527105266174753,2.285581957368254,0.635
2023,8,equal,,,0.59475,true,0.1642275625,1.485461623092219,5.092437614068841,19.88000915427325,2.406750900489944,0.2857142857142857,1.0,2.822576503634678,-4.571925716400149,4.746674537658691,0.8285,2.3858550591832404,4.197498874664307,6.019448280334473,0.24275,1.2862278279477908,-1.9928628361225122,1.911215901374817,0.849,2.30484425896888,4.342070446014404,4.579849720001221,0.14625,1.0329629805791476,-1.4998001122474673,1.574272871017456,0.8415,0.26369851668086214,0.07379761159420004,1.2381479740142822,0.5295,,,,,,,,,0.30206621465093625,-0.16930070638656625,1.252761721611023,0.6755
2023,26,ensemble,,,0.35875,true,0.4112015625,2.187780252705098,7.688929910167016,17.787401704622216,3.384691629622664,0.2857142857142857,0.8571428571428571,3.0331638816669044,-4.992212967872622,5.538524150848389,0.831,5.8374756930791944,9.370526390075684,7.2730302810668945,0.097,2.356219650800153,-3.3032888329029078,2.0438663959503174,0.93375,1.2224427728790292,2.383294180631637,5.21533203125,0.3805,1.9615582702006018,-2.5754620397090915,1.392580270767212,0.953,0.48516007256223803,-0.6815469059348107,0.9628994464874268,0.78,,,,,,,,,0.41844142774756166,-0.38651009023189553,1.3403524160385132,0.741
2023,26,calibrated,,,0.49975,true,0.2502500625,2.5251550921413757,8.46446306527118,12.966839972474501,3.7828030858851287,0.5714285714285714,1.0,5.128351569527596,-8.020775916531964,11.243348939701615,0.77575,4.4024312395235095,6.914972538323244,14.853478610432585,0.351,2.6562041338139952,-3.6751186625662373,4.382589986335585,0.82925,2.18825187380799,4.269962014411605,12.38532430061815,0.49125,1.8797380660143543,-2.1546500133209676,3.7662138249771195,0.82,0.7115256769846638,-0.3657712250632172,2.6166444123362593,0.69975,,,,,,,,,0.7095830853175191,1.0783712309786673,5.874442659295355,0.628
2023,26,equal,,,0.332,true,0.4462239999999999,2.3107055230662974,8.234493096231809,17.302792719709835,3.497769117951393,0.2857142857142857,0.7142857142857143,3.2027419048039354,-5.2483520078659085,5.403749465942383,0.854,6.335265964393037,9.765505509376526,6.989544868469238,0.08,2.4124755892561134,-3.3095666921138758,1.818556547164917,0.952,1.2541959224659616,2.426716164350509,5.093660354614258,0.352,1.9838400910801066,-2.5974058622121814,1.3774833679199219,0.956,0.5518611242345286,-0.7846174928545953,0.8851999640464783,0.835,,,,,,,,,0.4345580652303985,-0.3522200968861581,1.4582419395446777,0.7355
