variant,horizon_weeks,crps_pp,energy_pp,mae_pp,coverage_50,coverage_90,log_score_share,brier_bloc,n_cases
heavy,1,0.8858106235697524,3.101114567506613,1.2982845929368354,0.5511904761904761,0.9333333333333332,23.025373697988197,0.15566166666666667,3
gauss,1,0.8908043749461175,3.1774006208665795,1.3304921936662535,0.5928571428571429,1.0,22.758937603750137,0.20014433333333334,3
equal,1,0.8948222561619062,3.118822961940069,1.3451335111565532,0.6345238095238095,1.0,22.875322220843604,0.17640910416666666,3
ensemble,1,0.9266090499295303,3.2614857847326024,1.3737552534797384,0.5928571428571429,0.9333333333333332,22.7054788624272,0.20537022916666667,3
base,1,0.9393510510052273,3.217886240295924,1.4389711286788582,0.6404761904761904,0.9333333333333332,22.722251842410866,0.18528566666666668,3
calibrated,1,0.9588018116434681,3.367013540399205,1.3979770826094986,0.4845238095238095,0.8916666666666666,14.026308130412126,0.2127337291666667,3
legacy,1,1.1955621721382468,3.9983643426798174,1.5375636772674983,0.24523809523809526,0.4904761904761905,13.314631360804404,0.029384333333333342,3
heavy,4,1.1042463200172195,3.659459618323712,1.635470056025123,0.5797619047619048,1.0,21.63300549714019,0.05657200000000001,3
gauss,4,1.1068200502357846,3.7160197964353117,1.6129521187853202,0.6273809523809524,1.0,20.796566906405875,0.08434500000000002,3
ensemble,4,1.144150505194772,3.861438927532054,1.6808843895089927,0.6273809523809524,1.0,20.88702286173512,0.08306683333333333,3
equal,4,1.1692398999317197,3.959629624385839,1.7207713175255563,0.5797619047619048,1.0,21.02244550522067,0.06395602083333334,3
calibrated,4,1.2113452624581693,4.129819205102147,1.7275102642612392,0.6333333333333333,0.9583333333333334,19.493997082833825,0.09282491666666666,3
base,4,1.3300902993564259,4.535483400131537,1.9226066666208874,0.49642857142857144,0.9583333333333334,20.087470362965284,0.063324,3
legacy,4,1.412256639357918,4.874697514308992,1.7711738435952078,0.28690476190476194,0.6273809523809524,6.865397091212011,0.0004096666666666674,3
gauss,8,1.7942108869495688,6.528081037921851,2.653432866466121,0.3595238095238095,0.9166666666666666,17.238512415286618,0.04713666666666667,3
ensemble,8,1.8284804900845284,6.667308803339733,2.7048073734018643,0.3595238095238095,0.85,17.01571195145217,0.04669185416666666,3
calibrated,8,1.8573804458406669,6.781638836970572,2.7360295968741575,0.5857142857142857,0.875,16.506932017579413,0.0549494375,3
heavy,8,1.8611496059595807,6.7317812569917885,2.7218897838255702,0.3119047619047619,0.85,17.108358579759138,0.051349666666666675,3
equal,8,1.8644710872280192,6.682675550212896,2.729001968712923,0.2702380952380952,0.9166666666666666,17.074460072142834,0.05557022916666667,3
base,8,1.9381084796644965,6.947787880065494,2.8308712921436165,0.24523809523809526,0.875,15.477319844597135,0.06426433333333333,3
legacy,8,2.0401533411899635,7.0102468293150295,2.5608450954943405,0.15595238095238095,0.46547619047619043,-2.219465902139921,0.003400666666666665,3
gauss,26,2.7926876081524075,9.218459524466118,3.9387954854070686,0.22023809523809523,0.7416666666666667,12.773617546763084,0.17017266666666667,3
calibrated,26,2.795997155449445,9.03793578990038,4.090404815001651,0.46547619047619043,0.7833333333333333,13.830680294306154,0.14125322916666666,3
ensemble,26,2.824719704134798,9.29061864715412,3.960199011374131,0.22023809523809523,0.6940476190476191,14.560390249884172,0.16989754166666668,3
heavy,26,2.851163347272163,9.462612542867959,3.9755362779730476,0.17857142857142858,0.6940476190476191,14.472749207706832,0.1742916666666667,3
equal,26,2.9429853334050975,9.76803642975505,4.071708938013451,0.17857142857142858,0.6464285714285715,13.476867547133764,0.17813904166666664,3
base,26,3.112899214297979,10.318579012338624,4.211814661499999,0.22023809523809523,0.6940476190476191,8.912849802657039,0.196099,3
legacy,26,3.2136877685806176,10.44637288563611,4.009996757455347,0.08928571428571429,0.5797619047619048,-15.421972941219176,0.1245073333333333,3
