when,party,mean,q05,q25,q50,q75,q95,p_over_5pct
election_day,National,0.2780289053916931,0.22562182694673538,0.25567829608917236,0.2774103134870529,0.2986593246459961,0.3348346173763275,1.0
election_day,Labour,0.2773081362247467,0.20783591270446777,0.2471240609884262,0.27567964792251587,0.304806113243103,0.3539870858192443,1.0
election_day,Green,0.12448401004076004,0.09434883296489716,0.11125762015581131,0.12321078032255173,0.13654521107673645,0.15908920764923096,1.0
election_day,ACT,0.10355468839406967,0.06429426036775113,0.08391054719686508,0.09953290969133377,0.11987363360822201,0.15344221889972687,0.9923
election_day,NZ First,0.10935729742050171,0.07092400640249252,0.09054497070610523,0.10632728785276413,0.1252514272928238,0.15773725509643555,0.99675
election_day,Te Pāti Māori,0.02032855525612831,0.010775575414299965,0.015379317104816437,0.019239915534853935,0.024120762944221497,0.033197893947362896,0.004
election_day,TOP,0.06661180406808853,0.02934022806584835,0.04693048819899559,0.06158315762877464,0.08055358566343784,0.12091738209128378,0.69635
election_day,Other,0.020326633006334305,0.0077330086845904585,0.013099513482302427,0.018171407282352448,0.025259834714233875,0.03985080402344464,0.0155
now,National,0.28192827105522156,0.2516464293003082,0.26798924803733826,0.280582070350647,0.29401466250419617,0.3167326748371124,1.0
now,Labour,0.2781606912612915,0.24170391261577606,0.26431673765182495,0.2780211865901947,0.29217517375946045,0.3142316937446594,1.0
now,Green,0.12618553638458252,0.10666736960411072,0.11757126823067665,0.12557698786258698,0.13388115167617798,0.14784789085388184,1.0
now,ACT,0.10209687799215317,0.08283639550209046,0.09321695566177368,0.10129621624946594,0.11005500704050064,0.12402641028165817,1.0
now,NZ First,0.10910076647996902,0.08831308782100677,0.1000069472938776,0.10866064578294754,0.11760109663009644,0.1322019398212433,1.0
now,Te Pāti Māori,0.01994561031460762,0.01326047033071518,0.01675465889275074,0.019452660344541073,0.02239668369293213,0.028125029150396583,0.0011
now,TOP,0.06359104812145233,0.04342412203550339,0.05478932615369558,0.06273731589317322,0.07132558897137642,0.08647030591964722,0.86495
now,Other,0.018991226330399513,0.011501424945890903,0.015548800816759467,0.018685651943087578,0.022073065862059593,0.02764513092115521,0.00005
