house,party,effect_pp
Bauer Media Insights,National,-1.2364310534912604
Bauer Media Insights,Labour,-2.1048082147592186
Bauer Media Insights,Green,2.1680776280965874
Bauer Media Insights,ACT,1.1254249016068876
Bauer Media Insights,NZ First,-0.2797687865025725
Bauer Media Insights,Te Pāti Māori,-0.10172004334013454
Bauer Media Insights,TOP,0.4763847425571732
Bauer Media Insights,Other,-0.04715917416747879
Curia,National,0.33180336257770393
Curia,Labour,-0.1537621216884555
Curia,Green,0.3220895250459571
Curia,ACT,0.5096430408335004
Curia,NZ First,-0.6915385518800541
Curia,Te Pāti Māori,-0.0006954609422821223
Curia,TOP,-0.7055203751068724
Curia,Other,0.38798058116048184
DigiPoll,National,1.3593617207005637
DigiPoll,Labour,1.288737100726195
DigiPoll,Green,0.26053110991365314
DigiPoll,ACT,-1.2874247337006275
DigiPoll,NZ First,-0.7927291976442791
DigiPoll,Te Pāti Māori,-0.14619087028849875
DigiPoll,TOP,-0.482230571244438
DigiPoll,Other,-0.20005455846258124
Freshwater Strategy,National,-0.36217686019164863
Freshwater Strategy,Labour,-0.21641599974441816
Freshwater Strategy,Green,0.5840286207342893
Freshwater Strategy,ACT,-0.15002296677459337
Freshwater Strategy,NZ First,0.3930144912190958
Freshwater Strategy,Te Pāti Māori,-0.19621867411723537
Freshwater Strategy,TOP,-0.0465905939005716
Freshwater Strategy,Other,-0.005618017224918309
Guardian Essential,National,-0.8103651829031999
Guardian Essential,Labour,0.5030561638282305
Guardian Essential,Green,-0.6468411350628187
Guardian Essential,ACT,-0.5412153772084718
Guardian Essential,NZ First,0.6119509923690216
Guardian Essential,Te Pāti Māori,-0.17416194276529995
Guardian Essential,TOP,0.6942897122616545
Guardian Essential,Other,0.36328676948087607
Horizon Research,National,-4.3293319584486705
Horizon Research,Labour,-1.0388085119519719
Horizon Research,Green,1.2576080860415755
Horizon Research,ACT,0.6811107504505559
Horizon Research,NZ First,2.4375259106185543
Horizon Research,Te Pāti Māori,0.13849764158189137
Horizon Research,TOP,0.31158840902911905
Horizon Research,Other,0.5418096726789362
Ipsos,National,1.4742609047397714
Ipsos,Labour,0.41738913472569306
Ipsos,Green,1.093981536030031
Ipsos,ACT,-0.9102986515891975
Ipsos,NZ First,-2.001433418995455
Ipsos,Te Pāti Māori,-0.04512345197030809
Ipsos,TOP,0.005968022819100027
Ipsos,Other,-0.0347440757596372
Reid Research,National,-0.5217521729204644
Reid Research,Labour,2.101873637643487
Reid Research,Green,0.8783572077828566
Reid Research,ACT,-1.336512979059569
Reid Research,NZ First,-0.4611834093121256
Reid Research,Te Pāti Māori,-0.0698486472640994
Reid Research,TOP,-0.48156035250989104
Reid Research,Other,-0.10937328436019418
Reid Research (segment 1),National,1.690592893734777
Reid Research (segment 1),Labour,-0.04130163737874337
Reid Research (segment 1),Green,0.560248804841143
Reid Research (segment 1),ACT,-0.4712182544347271
Reid Research (segment 1),NZ First,-0.763952876725503
Reid Research (segment 1),Te Pāti Māori,-0.04781891084785078
Reid Research (segment 1),TOP,-0.613877542739405
Reid Research (segment 1),Other,-0.31267247644970986
Roy Morgan,National,-1.8726116718434993
Roy Morgan,Labour,-3.0672483648191333
Roy Morgan,Green,2.8165538421314777
Roy Morgan,ACT,1.5681135141439637
Roy Morgan,NZ First,-0.7091548103068668
Roy Morgan,Te Pāti Māori,0.15251124448971387
Roy Morgan,TOP,1.4056581676268887
Roy Morgan,Other,-0.2938219214225584
Talbot Mills,National,-0.09386690317261248
Talbot Mills,Labour,0.6845080457109964
Talbot Mills,Green,0.2861561819707592
Talbot Mills,ACT,-0.3529964832442556
Talbot Mills,NZ First,0.2736585072666997
Talbot Mills,Te Pāti Māori,0.035620778108431256
Talbot Mills,TOP,-0.3204660525320542
Talbot Mills,Other,-0.512614074107972
Verian,National,1.6178298636152166
Verian,Labour,0.2233914601214193
Verian,Green,0.7951882638337987
Verian,ACT,-0.4036887932500746
Verian,NZ First,-0.8428947784835772
Verian,Te Pāti Māori,-0.15953942313270478
Verian,TOP,-1.03718914944144
Verian,Other,-0.1930974432626388
